Benchmark, Klee-0, Klee-1, Klee-2, SeaHorn
cdaudio_false-unreach-call.i.cil.c , 314.11 , 46.16 , NA , NA
diskperf_false-unreach-call.i.cil.c , 49.03 , 21.10 , NA , 0.72
floppy_false-unreach-call.i.cil.c , NA , NA , NA , NA
kbfiltr_false-unreach-call.i.cil.c , NA , NA , NA , 10.65
parport_false-unreach-call.i.cil.c , 50.68 , NA , 342.98 , 2.33
s3_clnt.blast.01_false-unreach-call.i.cil.c , NA , NA , NA , NA
s3_clnt.blast.02_false-unreach-call.i.cil.c , NA , NA , 54.49 , NA
s3_clnt.blast.03_false-unreach-call.i.cil.c , NA , NA , NA , NA
s3_clnt.blast.04_false-unreach-call.i.cil.c , NA , NA , NA , NA
s3_srvr.blast.01_false-unreach-call.i.cil.c , 129.02 , 8.53 , 41.42 , NA
s3_srvr.blast.02_false-unreach-call.i.cil.c , 121.36 , 67.39 , 41.38 , NA
s3_srvr.blast.03_false-unreach-call.i.cil.c , 130.58 , 44.60 , 48.04 , NA
s3_srvr.blast.04_false-unreach-call.i.cil.c , 140.63 , 55.42 , 44.69 , NA
s3_srvr.blast.06_false-unreach-call.i.cil.c , 170.02 , 59.66 , 65.31 , NA
s3_srvr.blast.07_false-unreach-call.i.cil.c , 161.61 , 69.74 , 63.52 , NA
s3_srvr.blast.08_false-unreach-call.i.cil.c , NA , NA , NA , NA
s3_srvr.blast.09_false-unreach-call.i.cil.c , 143.83 , 72.08 , 70.65 , NA
s3_srvr.blast.10_false-unreach-call.i.cil.c , NA , NA , NA , NA
s3_srvr.blast.11_false-unreach-call.i.cil.c , NA , NA , NA , NA
s3_srvr.blast.12_false-unreach-call.i.cil.c , 144.14 , 69.92 , 60.36 , NA
s3_srvr.blast.13_false-unreach-call.i.cil.c , 144.34 , 67.92 , 58.57 , NA
s3_srvr.blast.14_false-unreach-call.i.cil.c , 143.94 , 67.65 , 59.22 , NA
s3_srvr.blast.15_false-unreach-call.i.cil.c , NA , NA , NA , NA
s3_srvr.blast.16_false-unreach-call.i.cil.c , 143.92 , 60.75 , 62.91 , NA